,lat,lng,total_chargers_at_stat,snap_to,dist_snap,type,n_chargers,kw,index
2905,32.7658795,-96.8754612,1,"(32.76062, -96.89269)",2539.0,9,1,16.0,2905
7168,33.0390751,-117.2841996,2,"(33.02008, -117.28097)",2550.0,2,2,7.0,7168
1632,33.3021433,-111.9552863,2,"(33.30006, -111.96835)",1654.0,2,2,7.0,1632
1302,33.3874378,-110.7609849,1,"(33.39639, -110.76888)",2707.0,9,1,16.0,1302
4473,33.7885884,-118.2150827,2,"(33.7822, -118.2108)",1195.0,2,2,7.0,4473
7868,33.8310496,-116.5452277,1,"(33.83835, -116.54484)",898.0,9,1,13.0,7868
1127,33.8722233,-118.2654222,1,"(33.86032, -118.2766)",2385.0,2,1,5.0,1127
1869,33.9541734,-117.5556971,1,"(33.928312, -117.558425)",3248.0,9,1,16.0,1869
7550,33.6699802,-96.6120405,2,"(33.94423, -96.41932)",47327.0,2,2,7.0,7550
6650,33.9542894,-84.5484078,2,"(33.98079, -84.52217)",4671.0,2,2,7.0,6650
562,34.12755,-118.443664,1,"(34.12744, -118.44347)",20.0,9,1,16.0,562
4119,34.4425082,-119.7812613,2,"(34.56089, -120.14103)",50056.0,2,2,7.0,4119
7993,34.4349097,-119.9212861,1,"(34.61812, -120.18705)",51697.0,9,1,6.0,7993
7477,34.9367356,-80.965712,1,"(34.70653, -80.88195)",49521.0,9,1,16.0,7477
4246,34.866382,-84.3254539,1,"(34.8753, -83.96176)",41322.0,9,1,16.0,4246
7860,34.8449803,-82.4078479,1,"(34.95504354495406, -82.4413218108368)",15102.0,2,1,6.0,7860
6588,35.3002628,-119.0381956,2,"(35.210277, -118.832618)",28835.0,2,2,7.0,6588
833,35.9874334,-119.961999,40,"(35.25211177248671, -120.6859746944428)",162247.0,9,40,150.0,833
6880,35.4833284,-83.3164985,1,"(35.42781, -83.44499)",18963.0,9,1,8.0,6880
6062,35.7749847,-78.642612,2,"(35.760503, -78.625345)",3089.0,2,2,7.0,6062
8044,35.888056,-78.567548,1,"(35.92353, -78.599883)",6588.0,5,1,29.0,8044
2422,35.9506976,-79.0633804,2,"(35.950629, -79.063354)",0.0,2,2,7.0,2422
6824,36.009923,-114.784826,1,"(35.97851, -114.83517)",7149.0,9,1,16.0,6824
1666,36.077033,-79.959879,1,"(36.08421, -80.06405)",12573.0,9,1,16.0,1666
6044,36.7687812,-76.2398644,2,"(36.77966, -76.23317)",1943.0,2,2,7.0,6044
4237,37.2129649,-93.37103,1,"(37.199194, -93.402643)",4324.0,9,1,13.0,4237
5983,37.199367,-80.401037,1,"(37.234356, -80.432667)",7239.0,9,1,16.0,5983
5977,37.8135094,-119.8800771,2,"(37.95417, -120.41887)",66221.0,2,2,7.0,5977
2406,38.7747705,-119.9029911,1,"(37.98506, -120.36808)",146621.0,9,1,16.0,2406
3114,38.503166,-78.871503,1,"(38.472406, -78.878672)",4055.0,9,1,16.0,3114
7341,38.5577405,-76.0598039,2,"(38.485467, -75.823919)",30796.0,5,1,62.0,7341
221,39.4357795,-76.3151582,1,"(39.4528, -76.31311)",3169.0,2,1,6.0,221
5928,39.1370958,-88.5634777,1,"(39.48295, -88.37203)",46787.0,9,1,120.0,5928
5853,39.6634756,-75.6902099,1,"(39.660766, -75.69348611)",4076.0,9,1,120.0,5853
7963,39.8235452,-105.0281324,2,"(39.824, -105.02929)",292.0,2,2,7.0,7963
1393,39.772283,-86.159201,1,"(39.87052, -86.14224)",12342.0,9,1,16.0,1393
1775,39.926394,-86.104134,1,"(39.926194, -86.108451)",597.0,9,1,16.0,1775
4454,39.9577264,-86.0162358,1,"(39.93482, -86.02704)",3229.0,9,1,72.0,4454
5938,40.1302079,-75.2826369,2,"(40.1216, -75.29016)",1695.0,2,2,7.0,5938
7295,40.330887,-94.8711542,2,"(40.31694, -94.87345)",2199.0,2,2,7.0,7295
2815,40.040427,-86.902788,2,"(40.42102724475161, -86.9179219007492)",43679.0,2,2,7.0,2815
7676,41.0096662,-87.2773075,1,"(40.42231, -86.91705)",90803.0,9,1,16.0,7676
1573,40.4157535,-86.858539,2,"(40.42523, -86.90953)",5032.0,2,2,7.0,1573
4099,40.4665819,-86.9325192,1,"(40.4297, -86.91118)",4803.0,2,1,6.0,4099
7104,40.763244,-86.3616189,1,"(40.46255, -86.11641)",44436.0,2,1,6.0,7104
824,40.7267819,-111.5530717,2,"(40.739544, -111.559906)",1780.0,2,2,7.0,824
5210,40.7515557,-73.9414058,1,"(40.75402, -73.9493)",783.0,9,1,10.0,5210
3076,40.7874241,-73.7299993,2,"(40.75717, -73.76397)",5503.0,2,2,7.0,3076
6311,41.0307064,-74.0412538,2,"(41.04002, -74.06268)",2758.0,2,2,7.0,6311
2218,41.0200825,-75.5874085,1,"(41.07986, -75.58099)",10014.0,9,1,16.0,2218
577,41.278752,-70.093095,1,"(41.258249, -70.063098)",3889.0,9,1,8.0,577
958,41.9031422,-71.0055945,2,"(41.89222, -70.90753)",11858.0,2,2,7.0,958
1,42.101776,-88.274646,1,"(42.0898, -88.24391)",3392.0,11,1,10.0,1
2297,42.5600652,-83.1158603,2,"(42.54382, -83.11479)",2238.0,2,2,7.0,2297
2953,43.112972,-77.485756,2,"(43.06707520319541, -77.30666418594913)",18465.0,2,2,7.0,2953
4698,43.0727233,-89.3807776,1,"(43.07297, -89.38481)",451.0,9,1,16.0,4698
6642,43.4717262,-114.2649473,1,"(43.63532848001559, -113.2974871467215)",108404.0,9,1,16.0,6642
3178,44.0585352,-70.425398,1,"(43.970783, -70.609685)",22630.0,9,1,16.0,3178
7753,44.5625894,-69.6588815,2,"(44.590314, -69.289139)",35234.0,2,2,7.0,7753
4578,44.5630248,-72.5976906,2,"(44.680358, -72.36351)",31158.0,2,2,7.0,4578
831,44.6559318,-111.0989493,1,"(45.029727, -110.70782)",91025.0,9,1,120.0,831
7229,44.9066029,-91.928661,1,"(45.412634, -91.84859)",63333.0,9,1,16.0,7229
